dice_whole,dice_enhancing,dice_core,sen_whole,sen_enhancing,sen_score,spec_whole,spec_enhancing,spec_core
0.9067465108417443,0.8603748397182555,0.8481874100248659,0.9572544992388985,0.9324931465123363,0.9757393268093343,0.9975923416329009,0.9993062027451725,0.998298486574066
